n,m,algorithm,density,order,trial,match_size,opt_size,cr,time_ns,seed
8192,16384,greedy,extremely_sparse,random,0,6209,6877,0.9028646212011051,1410455,2445016791
8192,16384,ranking,extremely_sparse,random,0,6226,6877,0.9053366293441908,2756866,2445016791
8192,16384,hopcroft_karp,extremely_sparse,random,0,6877,6877,1.0,84031696,2445016791
8192,16384,greedy,extremely_sparse,random,1,6206,6839,0.9074426085685041,1713737,2083434083
8192,16384,ranking,extremely_sparse,random,1,6207,6839,0.9075888287761369,3130133,2083434083
8192,16384,hopcroft_karp,extremely_sparse,random,1,6839,6839,1.0,84478569,2083434083
8192,16384,greedy,extremely_sparse,random,2,6251,6884,0.908047646717025,1383760,4099587436
8192,16384,ranking,extremely_sparse,random,2,6257,6884,0.9089192330040674,2808673,4099587436
8192,16384,hopcroft_karp,extremely_sparse,random,2,6884,6884,1.0,76986501,4099587436
8192,16384,greedy,extremely_sparse,random,3,6261,6880,0.9100290697674419,1452495,2018056108
8192,16384,ranking,extremely_sparse,random,3,6248,6880,0.9081395348837209,3130682,2018056108
8192,16384,hopcroft_karp,extremely_sparse,random,3,6880,6880,1.0,83788698,2018056108
8192,16384,greedy,extremely_sparse,random,4,6257,6876,0.909976730657359,1370628,2627776420
8192,16384,ranking,extremely_sparse,random,4,6260,6876,0.910413030831879,2656750,2627776420
8192,16384,hopcroft_karp,extremely_sparse,random,4,6876,6876,1.0,63047801,2627776420
8192,16384,greedy,extremely_sparse,random,5,6239,6856,0.9100058343057176,1969198,141405127
8192,16384,ranking,extremely_sparse,random,5,6206,6856,0.9051925320886814,2738217,141405127
8192,16384,hopcroft_karp,extremely_sparse,random,5,6856,6856,1.0,115716402,141405127
8192,16384,greedy,extremely_sparse,random,6,6253,6867,0.910586864715305,1490996,4072974954
8192,16384,ranking,extremely_sparse,random,6,6275,6867,0.9137905926896752,2741516,4072974954
8192,16384,hopcroft_karp,extremely_sparse,random,6,6867,6867,1.0,77885246,4072974954
8192,16384,greedy,extremely_sparse,random,7,6262,6946,0.9015260581629715,1613056,149423065
8192,16384,ranking,extremely_sparse,random,7,6288,6946,0.9052692196947884,2965458,149423065
8192,16384,hopcroft_karp,extremely_sparse,random,7,6946,6946,1.0,70770639,149423065
8192,16384,greedy,extremely_sparse,random,8,6219,6887,0.9030056628430376,2030146,3297530989
8192,16384,ranking,extremely_sparse,random,8,6256,6887,0.908378103673588,2698078,3297530989
8192,16384,hopcroft_karp,extremely_sparse,random,8,6887,6887,1.0,82455001,3297530989
8192,16384,greedy,extremely_sparse,random,9,6201,6848,0.9055198598130841,1417208,2078901795
8192,16384,ranking,extremely_sparse,random,9,6215,6848,0.9075642523364486,3474212,2078901795
8192,16384,hopcroft_karp,extremely_sparse,random,9,6848,6848,1.0,90613731,2078901795
8192,16384,greedy,extremely_sparse,random,10,6257,6867,0.9111693607106451,1371262,267181044
8192,16384,ranking,extremely_sparse,random,10,6261,6867,0.9117518567059851,2751215,267181044
8192,16384,hopcroft_karp,extremely_sparse,random,10,6867,6867,1.0,76964186,267181044
8192,16384,greedy,extremely_sparse,random,11,6236,6888,0.90534262485482,1463043,3270331324
8192,16384,ranking,extremely_sparse,random,11,6221,6888,0.903164924506388,2781930,3270331324
8192,16384,hopcroft_karp,extremely_sparse,random,11,6888,6888,1.0,73770044,3270331324
8192,16384,greedy,extremely_sparse,random,12,6263,6871,0.9115121525251055,1430895,3792585623
8192,16384,ranking,extremely_sparse,random,12,6225,6871,0.9059816620579246,2725536,3792585623
8192,16384,hopcroft_karp,extremely_sparse,random,12,6871,6871,1.0,65389516,3792585623
8192,16384,greedy,extremely_sparse,random,13,6223,6834,0.9105940883816213,1411269,2624563795
8192,16384,ranking,extremely_sparse,random,13,6235,6834,0.9123500146327188,2697144,2624563795
8192,16384,hopcroft_karp,extremely_sparse,random,13,6834,6834,1.0,76397934,2624563795
8192,16384,greedy,extremely_sparse,random,14,6254,6854,0.9124598774438284,1417665,1761647226
8192,16384,ranking,extremely_sparse,random,14,6247,6854,0.9114385760140065,2712501,1761647226
8192,16384,hopcroft_karp,extremely_sparse,random,14,6854,6854,1.0,57521496,1761647226
8192,16384,greedy,extremely_sparse,random,15,6237,6866,0.9083891639965045,1391003,2250161621
8192,16384,ranking,extremely_sparse,random,15,6270,6866,0.9131954558695019,2694297,2250161621
8192,16384,hopcroft_karp,extremely_sparse,random,15,6866,6866,1.0,66281736,2250161621
8192,16384,greedy,extremely_sparse,random,16,6237,6871,0.9077281327317712,1427729,3104240999
8192,16384,ranking,extremely_sparse,random,16,6216,6871,0.9046718090525396,2702113,3104240999
8192,16384,hopcroft_karp,extremely_sparse,random,16,6871,6871,1.0,65722057,3104240999
8192,16384,greedy,extremely_sparse,random,17,6248,6875,0.9088,1425567,2052124546
8192,16384,ranking,extremely_sparse,random,17,6266,6875,0.9114181818181818,2743439,2052124546
8192,16384,hopcroft_karp,extremely_sparse,random,17,6875,6875,1.0,57143244,2052124546
8192,16384,greedy,extremely_sparse,random,18,6248,6889,0.9069531136594571,1441051,417464109
8192,16384,ranking,extremely_sparse,random,18,6234,6889,0.9049208883727682,2743369,417464109
8192,16384,hopcroft_karp,extremely_sparse,random,18,6889,6889,1.0,73827386,417464109
8192,16384,greedy,extremely_sparse,random,19,6224,6866,0.90649577628896,1894195,3768964306
8192,16384,ranking,extremely_sparse,random,19,6227,6866,0.906932711913778,3635042,3768964306
8192,16384,hopcroft_karp,extremely_sparse,random,19,6866,6866,1.0,57356822,3768964306
8192,16384,greedy,extremely_sparse,random,20,6232,6854,0.9092500729501022,1416066,2552315608
8192,16384,ranking,extremely_sparse,random,20,6252,6854,0.9121680770353079,2709780,2552315608
8192,16384,hopcroft_karp,extremely_sparse,random,20,6854,6854,1.0,66184510,2552315608
8192,16384,greedy,extremely_sparse,random,21,6268,6877,0.9114439435800494,1624995,3494620459
8192,16384,ranking,extremely_sparse,random,21,6291,6877,0.9147884251854006,2704517,3494620459
8192,16384,hopcroft_karp,extremely_sparse,random,21,6877,6877,1.0,66853771,3494620459
8192,16384,greedy,extremely_sparse,random,22,6266,6908,0.9070642733063116,1441982,1049531027
8192,16384,ranking,extremely_sparse,random,22,6269,6908,0.907498552403011,2711916,1049531027
8192,16384,hopcroft_karp,extremely_sparse,random,22,6908,6908,1.0,67301507,1049531027
8192,16384,greedy,extremely_sparse,random,23,6255,6870,0.9104803493449781,1453346,3036306702
8192,16384,ranking,extremely_sparse,random,23,6246,6870,0.9091703056768559,2705465,3036306702
8192,16384,hopcroft_karp,extremely_sparse,random,23,6870,6870,1.0,67421971,3036306702
8192,16384,greedy,extremely_sparse,random,24,6274,6899,0.9094071604580374,1417050,249374675
8192,16384,ranking,extremely_sparse,random,24,6268,6899,0.9085374691984346,2703940,249374675
8192,16384,hopcroft_karp,extremely_sparse,random,24,6899,6899,1.0,73867404,249374675
8192,16384,greedy,extremely_sparse,random,25,6213,6843,0.9079351161771153,1426714,2915267134
8192,16384,ranking,extremely_sparse,random,25,6234,6843,0.9110039456378781,2695204,2915267134
8192,16384,hopcroft_karp,extremely_sparse,random,25,6843,6843,1.0,84370566,2915267134
8192,16384,greedy,extremely_sparse,random,26,6250,6871,0.9096201426284384,1417825,2926192726
8192,16384,ranking,extremely_sparse,random,26,6269,6871,0.9123853878620288,2858616,2926192726
8192,16384,hopcroft_karp,extremely_sparse,random,26,6871,6871,1.0,68555876,2926192726
8192,16384,greedy,extremely_sparse,random,27,6230,6856,0.9086931155192532,1418506,3425530623
8192,16384,ranking,extremely_sparse,random,27,6215,6856,0.9065052508751459,2711300,3425530623
8192,16384,hopcroft_karp,extremely_sparse,random,27,6856,6856,1.0,77503347,3425530623
8192,16384,greedy,extremely_sparse,random,28,6254,6854,0.9124598774438284,1391664,887990116
8192,16384,ranking,extremely_sparse,random,28,6224,6854,0.9080828713160198,2727119,887990116
8192,16384,hopcroft_karp,extremely_sparse,random,28,6854,6854,1.0,67235662,887990116
8192,16384,greedy,extremely_sparse,random,29,6240,6868,0.9085614443797321,1398447,4043510127
8192,16384,ranking,extremely_sparse,random,29,6249,6868,0.9098718695398952,2682415,4043510127
8192,16384,hopcroft_karp,extremely_sparse,random,29,6868,6868,1.0,67165994,4043510127
8192,16384,greedy,extremely_sparse,adversarial,0,6227,6856,0.9082555425904317,1164282,3755619442
8192,16384,ranking,extremely_sparse,adversarial,0,6254,6856,0.9121936989498249,2447871,3755619442
8192,16384,hopcroft_karp,extremely_sparse,adversarial,0,6856,6856,1.0,69790794,3755619442
8192,16384,greedy,extremely_sparse,adversarial,1,6283,6917,0.9083417666618476,1165942,3629601970
8192,16384,ranking,extremely_sparse,adversarial,1,6254,6917,0.9041491976290299,2682046,3629601970
8192,16384,hopcroft_karp,extremely_sparse,adversarial,1,6917,6917,1.0,75150415,3629601970
8192,16384,greedy,extremely_sparse,adversarial,2,6260,6871,0.9110755348566438,1162882,3113051487
8192,16384,ranking,extremely_sparse,adversarial,2,6233,6871,0.9071459758404891,2456117,3113051487
8192,16384,hopcroft_karp,extremely_sparse,adversarial,2,6871,6871,1.0,58495234,3113051487
8192,16384,greedy,extremely_sparse,adversarial,3,6231,6843,0.9105655414291978,1178663,2882859741
8192,16384,ranking,extremely_sparse,adversarial,3,6237,6843,0.9114423498465585,2647885,2882859741
8192,16384,hopcroft_karp,extremely_sparse,adversarial,3,6843,6843,1.0,67521323,2882859741
8192,16384,greedy,extremely_sparse,adversarial,4,6220,6837,0.909755740821998,1202545,2903423449
8192,16384,ranking,extremely_sparse,adversarial,4,6232,6837,0.9115108965920725,2468490,2903423449
8192,16384,hopcroft_karp,extremely_sparse,adversarial,4,6837,6837,1.0,76768003,2903423449
8192,16384,greedy,extremely_sparse,adversarial,5,6239,6874,0.9076229269711958,1177513,213997598
8192,16384,ranking,extremely_sparse,adversarial,5,6234,6874,0.9068955484434099,2464318,213997598
8192,16384,hopcroft_karp,extremely_sparse,adversarial,5,6874,6874,1.0,67725428,213997598
8192,16384,greedy,extremely_sparse,adversarial,6,6238,6843,0.9115884845827853,1159798,1757241418
8192,16384,ranking,extremely_sparse,adversarial,6,6250,6843,0.9133421014175069,2713429,1757241418
8192,16384,hopcroft_karp,extremely_sparse,adversarial,6,6843,6843,1.0,66513799,1757241418
8192,16384,greedy,extremely_sparse,adversarial,7,6244,6908,0.9038795599305154,1149683,1353794667
8192,16384,ranking,extremely_sparse,adversarial,7,6266,6908,0.9070642733063116,2385660,1353794667
8192,16384,hopcroft_karp,extremely_sparse,adversarial,7,6908,6908,1.0,74604546,1353794667
8192,16384,greedy,extremely_sparse,adversarial,8,6274,6879,0.9120511702282309,1168561,3884165232
8192,16384,ranking,extremely_sparse,adversarial,8,6246,6879,0.9079808111644134,2605669,3884165232
8192,16384,hopcroft_karp,extremely_sparse,adversarial,8,6879,6879,1.0,76522483,3884165232
8192,16384,greedy,extremely_sparse,adversarial,9,6268,6884,0.9105171411969785,1164661,474865498
8192,16384,ranking,extremely_sparse,adversarial,9,6241,6884,0.9065950029052876,2513771,474865498
8192,16384,hopcroft_karp,extremely_sparse,adversarial,9,6884,6884,1.0,76033620,474865498
8192,16384,greedy,extremely_sparse,adversarial,10,6193,6849,0.9042195941013287,1154905,698410624
8192,16384,ranking,extremely_sparse,adversarial,10,6209,6849,0.9065557015622718,2570434,698410624
8192,16384,hopcroft_karp,extremely_sparse,adversarial,10,6849,6849,1.0,65928922,698410624
8192,16384,greedy,extremely_sparse,adversarial,11,6251,6904,0.9054171494785631,1167449,3140350455
8192,16384,ranking,extremely_sparse,adversarial,11,6254,6904,0.9058516801853997,2466399,3140350455
8192,16384,hopcroft_karp,extremely_sparse,adversarial,11,6904,6904,1.0,74144627,3140350455
8192,16384,greedy,extremely_sparse,adversarial,12,6224,6839,0.9100745723058927,1155326,1916136577
8192,16384,ranking,extremely_sparse,adversarial,12,6251,6839,0.9140225179119754,2613427,1916136577
8192,16384,hopcroft_karp,extremely_sparse,adversarial,12,6839,6839,1.0,77140217,1916136577
8192,16384,greedy,extremely_sparse,adversarial,13,6276,6889,0.911017564232835,1205920,3091575881
8192,16384,ranking,extremely_sparse,adversarial,13,6270,6889,0.9101466105385397,2403802,3091575881
8192,16384,hopcroft_karp,extremely_sparse,adversarial,13,6889,6889,1.0,67058601,3091575881
8192,16384,greedy,extremely_sparse,adversarial,14,6234,6877,0.9064999272938782,2263333,1972620117
8192,16384,ranking,extremely_sparse,adversarial,14,6278,6877,0.9128980660171586,3550093,1972620117
8192,16384,hopcroft_karp,extremely_sparse,adversarial,14,6877,6877,1.0,86950418,1972620117
8192,16384,greedy,extremely_sparse,adversarial,15,6240,6871,0.9081647504002328,1314782,1223856000
8192,16384,ranking,extremely_sparse,adversarial,15,6236,6871,0.9075825935089507,2468853,1223856000
8192,16384,hopcroft_karp,extremely_sparse,adversarial,15,6871,6871,1.0,67784987,1223856000
8192,16384,greedy,extremely_sparse,adversarial,16,6237,6842,0.9115755627009646,1199362,1507169049
8192,16384,ranking,extremely_sparse,adversarial,16,6237,6842,0.9115755627009646,2475659,1507169049
8192,16384,hopcroft_karp,extremely_sparse,adversarial,16,6842,6842,1.0,90567056,1507169049
8192,16384,greedy,extremely_sparse,adversarial,17,6233,6861,0.9084681533304183,1176179,2887073920
8192,16384,ranking,extremely_sparse,adversarial,17,6226,6861,0.9074478938930185,2719793,2887073920
8192,16384,hopcroft_karp,extremely_sparse,adversarial,17,6861,6861,1.0,66392330,2887073920
8192,16384,greedy,extremely_sparse,adversarial,18,6248,6845,0.9127830533235939,1179820,2567434313
8192,16384,ranking,extremely_sparse,adversarial,18,6245,6845,0.912344777209642,2556710,2567434313
8192,16384,hopcroft_karp,extremely_sparse,adversarial,18,6845,6845,1.0,76069996,2567434313
8192,16384,greedy,extremely_sparse,adversarial,19,6271,6923,0.9058211757908421,1171339,2437839424
8192,16384,ranking,extremely_sparse,adversarial,19,6293,6923,0.9089989888776542,3615179,2437839424
8192,16384,hopcroft_karp,extremely_sparse,adversarial,19,6923,6923,1.0,65939185,2437839424
8192,16384,greedy,extremely_sparse,adversarial,20,6217,6865,0.9056081573197378,1166482,1830558825
8192,16384,ranking,extremely_sparse,adversarial,20,6233,6865,0.9079388201019665,2463827,1830558825
8192,16384,hopcroft_karp,extremely_sparse,adversarial,20,6865,6865,1.0,75845453,1830558825
8192,16384,greedy,extremely_sparse,adversarial,21,6252,6881,0.908588867897108,1194233,696432936
8192,16384,ranking,extremely_sparse,adversarial,21,6257,6881,0.9093155064670833,2486235,696432936
8192,16384,hopcroft_karp,extremely_sparse,adversarial,21,6881,6881,1.0,75368420,696432936
8192,16384,greedy,extremely_sparse,adversarial,22,6280,6878,0.9130561209653969,1143371,2027768580
8192,16384,ranking,extremely_sparse,adversarial,22,6277,6878,0.9126199476592033,2531387,2027768580
8192,16384,hopcroft_karp,extremely_sparse,adversarial,22,6878,6878,1.0,66801072,2027768580
8192,16384,greedy,extremely_sparse,adversarial,23,6236,6866,0.9082435187882318,1169941,315419605
8192,16384,ranking,extremely_sparse,adversarial,23,6236,6866,0.9082435187882318,2742278,315419605
8192,16384,hopcroft_karp,extremely_sparse,adversarial,23,6866,6866,1.0,66430252,315419605
8192,16384,greedy,extremely_sparse,adversarial,24,6228,6848,0.9094626168224299,1148988,4014401555
8192,16384,ranking,extremely_sparse,adversarial,24,6244,6848,0.9117990654205608,2579985,4014401555
8192,16384,hopcroft_karp,extremely_sparse,adversarial,24,6848,6848,1.0,66269572,4014401555
8192,16384,greedy,extremely_sparse,adversarial,25,6167,6836,0.9021357519016969,1220823,4202744929
8192,16384,ranking,extremely_sparse,adversarial,25,6205,6836,0.907694558221182,2430173,4202744929
8192,16384,hopcroft_karp,extremely_sparse,adversarial,25,6836,6836,1.0,66600970,4202744929
8192,16384,greedy,extremely_sparse,adversarial,26,6247,6881,0.9078622293271327,1175751,3661193885
8192,16384,ranking,extremely_sparse,adversarial,26,6249,6881,0.9081528847551228,2654451,3661193885
8192,16384,hopcroft_karp,extremely_sparse,adversarial,26,6881,6881,1.0,75690527,3661193885
8192,16384,greedy,extremely_sparse,adversarial,27,6207,6821,0.909983873332356,1163797,3364283458
8192,16384,ranking,extremely_sparse,adversarial,27,6217,6821,0.9114499340272687,2515723,3364283458
8192,16384,hopcroft_karp,extremely_sparse,adversarial,27,6821,6821,1.0,58492747,3364283458
8192,16384,greedy,extremely_sparse,adversarial,28,6243,6854,0.9108549751969652,1180672,165738092
8192,16384,ranking,extremely_sparse,adversarial,28,6211,6854,0.9061861686606362,2518430,165738092
8192,16384,hopcroft_karp,extremely_sparse,adversarial,28,6854,6854,1.0,68618357,165738092
8192,16384,greedy,extremely_sparse,adversarial,29,6243,6857,0.9104564678430801,1188649,4046975092
8192,16384,ranking,extremely_sparse,adversarial,29,6229,6857,0.908414758640805,2398062,4046975092
8192,16384,hopcroft_karp,extremely_sparse,adversarial,29,6857,6857,1.0,58761752,4046975092
8192,73728,greedy,sparse,random,0,7646,8192,0.933349609375,1783711,3309263871
8192,73728,ranking,sparse,random,0,7598,8192,0.927490234375,5576976,3309263871
8192,73728,hopcroft_karp,sparse,random,0,8192,8192,1.0,126914440,3309263871
8192,73728,greedy,sparse,random,1,7609,8191,0.9289464045904041,1845862,749154906
8192,73728,ranking,sparse,random,1,7614,8191,0.9295568306678061,5816159,749154906
8192,73728,hopcroft_karp,sparse,random,1,8191,8191,1.0,168418854,749154906
8192,73728,greedy,sparse,random,2,7633,8191,0.9318764497619338,1903279,978530469
8192,73728,ranking,sparse,random,2,7625,8191,0.9308997680380906,6014405,978530469
8192,73728,hopcroft_karp,sparse,random,2,8191,8191,1.0,166752824,978530469
8192,73728,greedy,sparse,random,3,7626,8189,0.9312492367810478,2045900,3841683507
8192,73728,ranking,sparse,random,3,7603,8189,0.9284405910367566,7685791,3841683507
8192,73728,hopcroft_karp,sparse,random,3,8189,8189,1.0,148472683,3841683507
8192,73728,greedy,sparse,random,4,7632,8190,0.9318681318681319,2548585,1186058336
8192,73728,ranking,sparse,random,4,7635,8190,0.9322344322344323,5983522,1186058336
8192,73728,hopcroft_karp,sparse,random,4,8190,8190,1.0,137195833,1186058336
8192,73728,greedy,sparse,random,5,7619,8190,0.9302808302808303,1765053,4071361813
8192,73728,ranking,sparse,random,5,7623,8190,0.9307692307692308,5485718,4071361813
8192,73728,hopcroft_karp,sparse,random,5,8190,8190,1.0,125115460,4071361813
8192,73728,greedy,sparse,random,6,7622,8192,0.930419921875,1908679,1422998743
8192,73728,ranking,sparse,random,6,7640,8192,0.9326171875,6145328,1422998743
8192,73728,hopcroft_karp,sparse,random,6,8192,8192,1.0,103569826,1422998743
8192,73728,greedy,sparse,random,7,7603,8191,0.9282138932975217,1773122,2470330693
8192,73728,ranking,sparse,random,7,7627,8191,0.9311439384690514,5978961,2470330693
8192,73728,hopcroft_karp,sparse,random,7,8191,8191,1.0,122844062,2470330693
8192,73728,greedy,sparse,random,8,7619,8192,0.9300537109375,2144913,2398861742
8192,73728,ranking,sparse,random,8,7608,8192,0.9287109375,5628471,2398861742
8192,73728,hopcroft_karp,sparse,random,8,8192,8192,1.0,129410322,2398861742
8192,73728,greedy,sparse,random,9,7647,8192,0.9334716796875,2089109,4021703683
8192,73728,ranking,sparse,random,9,7608,8192,0.9287109375,5617324,4021703683
8192,73728,hopcroft_karp,sparse,random,9,8192,8192,1.0,102382073,4021703683
8192,73728,greedy,sparse,random,10,7628,8191,0.9312660236845318,2191084,422643680
8192,73728,ranking,sparse,random,10,7590,8191,0.9266267854962764,5984549,422643680
8192,73728,hopcroft_karp,sparse,random,10,8191,8191,1.0,123115794,422643680
8192,73728,greedy,sparse,random,11,7632,8192,0.931640625,2156484,3943943354
8192,73728,ranking,sparse,random,11,7627,8192,0.9310302734375,5874407,3943943354
8192,73728,hopcroft_karp,sparse,random,11,8192,8192,1.0,125856841,3943943354
8192,73728,greedy,sparse,random,12,7635,8190,0.9322344322344323,1891880,848397441
8192,73728,ranking,sparse,random,12,7604,8190,0.9284493284493285,5456294,848397441
8192,73728,hopcroft_karp,sparse,random,12,8190,8190,1.0,151445626,848397441
8192,73728,greedy,sparse,random,13,7628,8192,0.93115234375,2478609,3016833456
8192,73728,ranking,sparse,random,13,7619,8192,0.9300537109375,7412451,3016833456
8192,73728,hopcroft_karp,sparse,random,13,8192,8192,1.0,107711239,3016833456
8192,73728,greedy,sparse,random,14,7609,8192,0.9288330078125,1863217,3671193513
8192,73728,ranking,sparse,random,14,7634,8192,0.931884765625,6114953,3671193513
8192,73728,hopcroft_karp,sparse,random,14,8192,8192,1.0,139322832,3671193513
8192,73728,greedy,sparse,random,15,7634,8192,0.931884765625,2145031,2353878653
8192,73728,ranking,sparse,random,15,7622,8192,0.930419921875,6082655,2353878653
8192,73728,hopcroft_karp,sparse,random,15,8192,8192,1.0,137226502,2353878653
8192,73728,greedy,sparse,random,16,7622,8190,0.9306471306471307,1912303,2600665187
8192,73728,ranking,sparse,random,16,7614,8190,0.9296703296703297,6553167,2600665187
8192,73728,hopcroft_karp,sparse,random,16,8190,8190,1.0,166223721,2600665187
8192,73728,greedy,sparse,random,17,7643,8191,0.9330973019167379,2273022,2230547488
8192,73728,ranking,sparse,random,17,7631,8191,0.931632279330973,5900360,2230547488
8192,73728,hopcroft_karp,sparse,random,17,8191,8191,1.0,129365467,2230547488
8192,73728,greedy,sparse,random,18,7613,8191,0.9294347454523257,2375324,2522059951
8192,73728,ranking,sparse,random,18,7610,8191,0.9290684898058845,6195948,2522059951
8192,73728,hopcroft_karp,sparse,random,18,8191,8191,1.0,131226899,2522059951
8192,73728,greedy,sparse,random,19,7627,8191,0.9311439384690514,1887826,2624276896
8192,73728,ranking,sparse,random,19,7626,8191,0.931021853253571,6525297,2624276896
8192,73728,hopcroft_karp,sparse,random,19,8191,8191,1.0,163610730,2624276896
8192,73728,greedy,sparse,random,20,7640,8191,0.9327310462702967,1907313,4057464094
8192,73728,ranking,sparse,random,20,7630,8191,0.9315101941154926,7003030,4057464094
8192,73728,hopcroft_karp,sparse,random,20,8191,8191,1.0,162987514,4057464094
8192,73728,greedy,sparse,random,21,7622,8192,0.930419921875,2031673,322304119
8192,73728,ranking,sparse,random,21,7639,8192,0.9324951171875,6583605,322304119
8192,73728,hopcroft_karp,sparse,random,21,8192,8192,1.0,139284920,322304119
8192,73728,greedy,sparse,random,22,7630,8191,0.9315101941154926,1896500,3723694969
8192,73728,ranking,sparse,random,22,7634,8191,0.9319985349774143,6049868,3723694969
8192,73728,hopcroft_karp,sparse,random,22,8191,8191,1.0,129633472,3723694969
8192,73728,greedy,sparse,random,23,7590,8192,0.926513671875,1900579,681406943
8192,73728,ranking,sparse,random,23,7602,8192,0.927978515625,6783429,681406943
8192,73728,hopcroft_karp,sparse,random,23,8192,8192,1.0,135411584,681406943
8192,73728,greedy,sparse,random,24,7643,8192,0.9329833984375,2670611,72710765
8192,73728,ranking,sparse,random,24,7616,8192,0.9296875,5980471,72710765
8192,73728,hopcroft_karp,sparse,random,24,8192,8192,1.0,142749672,72710765
8192,73728,greedy,sparse,random,25,7640,8190,0.9328449328449329,1952260,2161354478
8192,73728,ranking,sparse,random,25,7630,8190,0.9316239316239316,6619619,2161354478
8192,73728,hopcroft_karp,sparse,random,25,8190,8190,1.0,138404825,2161354478
8192,73728,greedy,sparse,random,26,7640,8192,0.9326171875,1866773,3935238037
8192,73728,ranking,sparse,random,26,7621,8192,0.9302978515625,6538096,3935238037
8192,73728,hopcroft_karp,sparse,random,26,8192,8192,1.0,147065214,3935238037
8192,73728,greedy,sparse,random,27,7614,8191,0.9295568306678061,1999817,511612499
8192,73728,ranking,sparse,random,27,7615,8191,0.9296789158832865,5899937,511612499
8192,73728,hopcroft_karp,sparse,random,27,8191,8191,1.0,132120653,511612499
8192,73728,greedy,sparse,random,28,7628,8191,0.9312660236845318,1853791,2523857317
8192,73728,ranking,sparse,random,28,7613,8191,0.9294347454523257,6031113,2523857317
8192,73728,hopcroft_karp,sparse,random,28,8191,8191,1.0,135040831,2523857317
8192,73728,greedy,sparse,random,29,7611,8191,0.9291905750213649,1974207,3815646829
8192,73728,ranking,sparse,random,29,7601,8191,0.9279697228665609,6436932,3815646829
8192,73728,hopcroft_karp,sparse,random,29,8191,8191,1.0,130700541,3815646829
8192,73728,greedy,sparse,adversarial,0,7620,8191,0.9302893419606886,1740130,1487846615
8192,73728,ranking,sparse,adversarial,0,7617,8191,0.9299230863142474,5713236,1487846615
8192,73728,hopcroft_karp,sparse,adversarial,0,8191,8191,1.0,132458722,1487846615
8192,73728,greedy,sparse,adversarial,1,7625,8189,0.9311271217486873,1647448,2286423443
8192,73728,ranking,sparse,adversarial,1,7615,8189,0.9299059714250825,5491656,2286423443
8192,73728,hopcroft_karp,sparse,adversarial,1,8189,8189,1.0,136830397,2286423443
8192,73728,greedy,sparse,adversarial,2,7637,8187,0.9328203249053377,1710026,2333713210
8192,73728,ranking,sparse,adversarial,2,7638,8187,0.9329424697691462,5645735,2333713210
8192,73728,hopcroft_karp,sparse,adversarial,2,8187,8187,1.0,137252555,2333713210
8192,73728,greedy,sparse,adversarial,3,7615,8191,0.9296789158832865,1661346,3238566260
8192,73728,ranking,sparse,adversarial,3,7629,8191,0.9313881089000122,5644672,3238566260
8192,73728,hopcroft_karp,sparse,adversarial,3,8191,8191,1.0,130512261,3238566260
8192,73728,greedy,sparse,adversarial,4,7651,8192,0.9339599609375,1630888,683983692
8192,73728,ranking,sparse,adversarial,4,7610,8192,0.928955078125,5501210,683983692
8192,73728,hopcroft_karp,sparse,adversarial,4,8192,8192,1.0,144056554,683983692
8192,73728,greedy,sparse,adversarial,5,7601,8192,0.9278564453125,1669183,4072288478
8192,73728,ranking,sparse,adversarial,5,7617,8192,0.9298095703125,5711341,4072288478
8192,73728,hopcroft_karp,sparse,adversarial,5,8192,8192,1.0,141246796,4072288478
8192,73728,greedy,sparse,adversarial,6,7644,8192,0.93310546875,1623573,1662375312
8192,73728,ranking,sparse,adversarial,6,7628,8192,0.93115234375,5654104,1662375312
8192,73728,hopcroft_karp,sparse,adversarial,6,8192,8192,1.0,117585304,1662375312
8192,73728,greedy,sparse,adversarial,7,7605,8190,0.9285714285714286,1645684,3900570705
8192,73728,ranking,sparse,adversarial,7,7622,8190,0.9306471306471307,5619131,3900570705
8192,73728,hopcroft_karp,sparse,adversarial,7,8190,8190,1.0,137723723,3900570705
8192,73728,greedy,sparse,adversarial,8,7643,8192,0.9329833984375,1643958,691020178
8192,73728,ranking,sparse,adversarial,8,7634,8192,0.931884765625,5808906,691020178
8192,73728,hopcroft_karp,sparse,adversarial,8,8192,8192,1.0,138317356,691020178
8192,73728,greedy,sparse,adversarial,9,7624,8189,0.9310050067163268,1716956,679292031
8192,73728,ranking,sparse,adversarial,9,7635,8189,0.9323482720722921,5391760,679292031
8192,73728,hopcroft_karp,sparse,adversarial,9,8189,8189,1.0,144527950,679292031
8192,73728,greedy,sparse,adversarial,10,7618,8192,0.929931640625,1570187,1069244055
8192,73728,ranking,sparse,adversarial,10,7620,8192,0.93017578125,5737081,1069244055
8192,73728,hopcroft_karp,sparse,adversarial,10,8192,8192,1.0,143533114,1069244055
8192,73728,greedy,sparse,adversarial,11,7598,8191,0.9276034672201197,1659123,3844896048
8192,73728,ranking,sparse,adversarial,11,7641,8191,0.9328531314857771,5712764,3844896048
8192,73728,hopcroft_karp,sparse,adversarial,11,8191,8191,1.0,132137474,3844896048
8192,73728,greedy,sparse,adversarial,12,7609,8192,0.9288330078125,1609142,2306564129
8192,73728,ranking,sparse,adversarial,12,7632,8192,0.931640625,5593567,2306564129
8192,73728,hopcroft_karp,sparse,adversarial,12,8192,8192,1.0,140396124,2306564129
8192,73728,greedy,sparse,adversarial,13,7616,8191,0.929801001098767,1657817,2826434129
8192,73728,ranking,sparse,adversarial,13,7621,8191,0.930411427176169,5390651,2826434129
8192,73728,hopcroft_karp,sparse,adversarial,13,8191,8191,1.0,163265432,2826434129
8192,73728,greedy,sparse,adversarial,14,7605,8189,0.9286848211014775,1776885,2195083024
8192,73728,ranking,sparse,adversarial,14,7597,8189,0.9277079008425937,5480317,2195083024
8192,73728,hopcroft_karp,sparse,adversarial,14,8189,8189,1.0,137517346,2195083024
8192,73728,greedy,sparse,adversarial,15,7616,8192,0.9296875,1587406,4151166335
8192,73728,ranking,sparse,adversarial,15,7598,8192,0.927490234375,5829321,4151166335
8192,73728,hopcroft_karp,sparse,adversarial,15,8192,8192,1.0,140798259,4151166335
8192,73728,greedy,sparse,adversarial,16,7630,8192,0.931396484375,1593469,2128813483
8192,73728,ranking,sparse,adversarial,16,7616,8192,0.9296875,5738624,2128813483
8192,73728,hopcroft_karp,sparse,adversarial,16,8192,8192,1.0,145300627,2128813483
8192,73728,greedy,sparse,adversarial,17,7655,8191,0.9345623245025028,1649357,2001361401
8192,73728,ranking,sparse,adversarial,17,7628,8191,0.9312660236845318,5592486,2001361401
8192,73728,hopcroft_karp,sparse,adversarial,17,8191,8191,1.0,163574477,2001361401
8192,73728,greedy,sparse,adversarial,18,7642,8189,0.9332030772988155,1617191,1787229616
8192,73728,ranking,sparse,adversarial,18,7616,8189,0.930028086457443,5740957,1787229616
8192,73728,hopcroft_karp,sparse,adversarial,18,8189,8189,1.0,166894853,1787229616
8192,73728,greedy,sparse,adversarial,19,7639,8191,0.9326089610548163,1607007,4221915649
8192,73728,ranking,sparse,adversarial,19,7626,8191,0.931021853253571,5504285,4221915649
8192,73728,hopcroft_karp,sparse,adversarial,19,8191,8191,1.0,162537145,4221915649
8192,73728,greedy,sparse,adversarial,20,7625,8192,0.9307861328125,1583872,12187557
8192,73728,ranking,sparse,adversarial,20,7617,8192,0.9298095703125,5719671,12187557
8192,73728,hopcroft_karp,sparse,adversarial,20,8192,8192,1.0,131953920,12187557
8192,73728,greedy,sparse,adversarial,21,7626,8192,0.930908203125,1569644,1332019212
8192,73728,ranking,sparse,adversarial,21,7628,8192,0.93115234375,5717696,1332019212
8192,73728,hopcroft_karp,sparse,adversarial,21,8192,8192,1.0,141801288,1332019212
8192,73728,greedy,sparse,adversarial,22,7636,8192,0.93212890625,1602910,1180532340
8192,73728,ranking,sparse,adversarial,22,7605,8192,0.9283447265625,5676827,1180532340
8192,73728,hopcroft_karp,sparse,adversarial,22,8192,8192,1.0,114665479,1180532340
8192,73728,greedy,sparse,adversarial,23,7623,8190,0.9307692307692308,1586880,3656599458
8192,73728,ranking,sparse,adversarial,23,7627,8190,0.9312576312576313,5804623,3656599458
8192,73728,hopcroft_karp,sparse,adversarial,23,8190,8190,1.0,172709722,3656599458
8192,73728,greedy,sparse,adversarial,24,7621,8190,0.9305250305250305,1588225,3843120193
8192,73728,ranking,sparse,adversarial,24,7625,8190,0.931013431013431,5681760,3843120193
8192,73728,hopcroft_karp,sparse,adversarial,24,8190,8190,1.0,133525918,3843120193
8192,73728,greedy,sparse,adversarial,25,7622,8192,0.930419921875,1563651,364566471
8192,73728,ranking,sparse,adversarial,25,7624,8192,0.9306640625,5872416,364566471
8192,73728,hopcroft_karp,sparse,adversarial,25,8192,8192,1.0,133494989,364566471
8192,73728,greedy,sparse,adversarial,26,7623,8190,0.9307692307692308,1553529,3673745854
8192,73728,ranking,sparse,adversarial,26,7613,8190,0.9295482295482296,5757569,3673745854
8192,73728,hopcroft_karp,sparse,adversarial,26,8190,8190,1.0,166892693,3673745854
8192,73728,greedy,sparse,adversarial,27,7611,8192,0.9290771484375,1595914,2271891934
8192,73728,ranking,sparse,adversarial,27,7619,8192,0.9300537109375,5763427,2271891934
8192,73728,hopcroft_karp,sparse,adversarial,27,8192,8192,1.0,135890229,2271891934
8192,73728,greedy,sparse,adversarial,28,7594,8192,0.927001953125,1635841,1529830148
8192,73728,ranking,sparse,adversarial,28,7636,8192,0.93212890625,5511371,1529830148
8192,73728,hopcroft_karp,sparse,adversarial,28,8192,8192,1.0,140126635,1529830148
8192,73728,greedy,sparse,adversarial,29,7633,8192,0.9317626953125,1640726,13118462
8192,73728,ranking,sparse,adversarial,29,7620,8192,0.93017578125,5489822,13118462
8192,73728,hopcroft_karp,sparse,adversarial,29,8192,8192,1.0,143470046,13118462
8192,737280,greedy,medium,random,0,8129,8192,0.9923095703125,3632222,3023107330
8192,737280,ranking,medium,random,0,8125,8192,0.9918212890625,46828315,3023107330
8192,737280,hopcroft_karp,medium,random,0,8192,8192,1.0,258067676,3023107330
8192,737280,greedy,medium,random,1,8132,8192,0.99267578125,3863982,4069133790
8192,737280,ranking,medium,random,1,8128,8192,0.9921875,46301785,4069133790
8192,737280,hopcroft_karp,medium,random,1,8192,8192,1.0,256572085,4069133790
8192,737280,greedy,medium,random,2,8125,8192,0.9918212890625,3827102,952057638
8192,737280,ranking,medium,random,2,8128,8192,0.9921875,47804868,952057638
8192,737280,hopcroft_karp,medium,random,2,8192,8192,1.0,356871741,952057638
8192,737280,greedy,medium,random,3,8131,8192,0.9925537109375,3420229,1288680847
8192,737280,ranking,medium,random,3,8137,8192,0.9932861328125,47843467,1288680847
8192,737280,hopcroft_karp,medium,random,3,8192,8192,1.0,248872483,1288680847
8192,737280,greedy,medium,random,4,8122,8192,0.991455078125,4413633,1104014720
8192,737280,ranking,medium,random,4,8126,8192,0.991943359375,48485200,1104014720
8192,737280,hopcroft_karp,medium,random,4,8192,8192,1.0,370338908,1104014720
8192,737280,greedy,medium,random,5,8134,8192,0.992919921875,3220403,3620944238
8192,737280,ranking,medium,random,5,8131,8192,0.9925537109375,47513965,3620944238
8192,737280,hopcroft_karp,medium,random,5,8192,8192,1.0,254171530,3620944238
8192,737280,greedy,medium,random,6,8133,8192,0.9927978515625,3437523,294236176
8192,737280,ranking,medium,random,6,8139,8192,0.9935302734375,47601072,294236176
8192,737280,hopcroft_karp,medium,random,6,8192,8192,1.0,371121972,294236176
8192,737280,greedy,medium,random,7,8130,8192,0.992431640625,4204182,2167319383
8192,737280,ranking,medium,random,7,8128,8192,0.9921875,48592394,2167319383
8192,737280,hopcroft_karp,medium,random,7,8192,8192,1.0,360867062,2167319383
8192,737280,greedy,medium,random,8,8130,8192,0.992431640625,3881240,2435615519
8192,737280,ranking,medium,random,8,8139,8192,0.9935302734375,52748940,2435615519
8192,737280,hopcroft_karp,medium,random,8,8192,8192,1.0,395916665,2435615519
8192,737280,greedy,medium,random,9,8134,8192,0.992919921875,3642451,3847665403
8192,737280,ranking,medium,random,9,8134,8192,0.992919921875,52066434,3847665403
8192,737280,hopcroft_karp,medium,random,9,8192,8192,1.0,283150752,3847665403
8192,737280,greedy,medium,random,10,8133,8192,0.9927978515625,3969511,2227196130
8192,737280,ranking,medium,random,10,8135,8192,0.9930419921875,51891804,2227196130
8192,737280,hopcroft_karp,medium,random,10,8192,8192,1.0,417434588,2227196130
8192,737280,greedy,medium,random,11,8137,8192,0.9932861328125,3325676,3099986323
8192,737280,ranking,medium,random,11,8127,8192,0.9920654296875,49836705,3099986323
8192,737280,hopcroft_karp,medium,random,11,8192,8192,1.0,267541074,3099986323
8192,737280,greedy,medium,random,12,8130,8192,0.992431640625,4027455,3809571927
8192,737280,ranking,medium,random,12,8128,8192,0.9921875,47486869,3809571927
8192,737280,hopcroft_karp,medium,random,12,8192,8192,1.0,320161066,3809571927
8192,737280,greedy,medium,random,13,8138,8192,0.993408203125,4447207,1117991094
8192,737280,ranking,medium,random,13,8134,8192,0.992919921875,48537662,1117991094
8192,737280,hopcroft_karp,medium,random,13,8192,8192,1.0,254558451,1117991094
8192,737280,greedy,medium,random,14,8130,8192,0.992431640625,3456416,552982582
8192,737280,ranking,medium,random,14,8128,8192,0.9921875,48122342,552982582
8192,737280,hopcroft_karp,medium,random,14,8192,8192,1.0,250912466,552982582
8192,737280,greedy,medium,random,15,8140,8192,0.99365234375,3893534,4270339688
8192,737280,ranking,medium,random,15,8127,8192,0.9920654296875,50027041,4270339688
8192,737280,hopcroft_karp,medium,random,15,8192,8192,1.0,396925580,4270339688
8192,737280,greedy,medium,random,16,8120,8192,0.9912109375,4428382,3670151482
8192,737280,ranking,medium,random,16,8127,8192,0.9920654296875,48923798,3670151482
8192,737280,hopcroft_karp,medium,random,16,8192,8192,1.0,372415296,3670151482
8192,737280,greedy,medium,random,17,8130,8192,0.992431640625,4824748,2872156981
8192,737280,ranking,medium,random,17,8127,8192,0.9920654296875,49588380,2872156981
8192,737280,hopcroft_karp,medium,random,17,8192,8192,1.0,263500939,2872156981
8192,737280,greedy,medium,random,18,8127,8192,0.9920654296875,3619539,3918814557
8192,737280,ranking,medium,random,18,8127,8192,0.9920654296875,50983764,3918814557
8192,737280,hopcroft_karp,medium,random,18,8192,8192,1.0,369205242,3918814557
8192,737280,greedy,medium,random,19,8141,8192,0.9937744140625,3774907,3452072283
8192,737280,ranking,medium,random,19,8128,8192,0.9921875,51507226,3452072283
8192,737280,hopcroft_karp,medium,random,19,8192,8192,1.0,263673106,3452072283
8192,737280,greedy,medium,random,20,8133,8192,0.9927978515625,4101014,3584060205
8192,737280,ranking,medium,random,20,8128,8192,0.9921875,49687357,3584060205
8192,737280,hopcroft_karp,medium,random,20,8192,8192,1.0,380699931,3584060205
8192,737280,greedy,medium,random,21,8134,8192,0.992919921875,3975889,779964063
8192,737280,ranking,medium,random,21,8134,8192,0.992919921875,52071483,779964063
8192,737280,hopcroft_karp,medium,random,21,8192,8192,1.0,375807564,779964063
8192,737280,greedy,medium,random,22,8131,8192,0.9925537109375,3507976,1862058327
8192,737280,ranking,medium,random,22,8130,8192,0.992431640625,50168593,1862058327
8192,737280,hopcroft_karp,medium,random,22,8192,8192,1.0,254044846,1862058327
8192,737280,greedy,medium,random,23,8135,8192,0.9930419921875,4451522,2839570717
8192,737280,ranking,medium,random,23,8131,8192,0.9925537109375,52384175,2839570717
8192,737280,hopcroft_karp,medium,random,23,8192,8192,1.0,369037431,2839570717
8192,737280,greedy,medium,random,24,8123,8192,0.9915771484375,5171118,1506239497
8192,737280,ranking,medium,random,24,8138,8192,0.993408203125,63597059,1506239497
8192,737280,hopcroft_karp,medium,random,24,8192,8192,1.0,330534006,1506239497
8192,737280,greedy,medium,random,25,8125,8192,0.9918212890625,5396550,2480454114
8192,737280,ranking,medium,random,25,8130,8192,0.992431640625,67172343,2480454114
8192,737280,hopcroft_karp,medium,random,25,8192,8192,1.0,319703120,2480454114
8192,737280,greedy,medium,random,26,8120,8192,0.9912109375,4117997,1357290372
8192,737280,ranking,medium,random,26,8130,8192,0.992431640625,69678479,1357290372
8192,737280,hopcroft_karp,medium,random,26,8192,8192,1.0,280799342,1357290372
8192,737280,greedy,medium,random,27,8121,8192,0.9913330078125,6109697,3850886766
8192,737280,ranking,medium,random,27,8132,8192,0.99267578125,54839890,3850886766
8192,737280,hopcroft_karp,medium,random,27,8192,8192,1.0,450441047,3850886766
8192,737280,greedy,medium,random,28,8129,8192,0.9923095703125,4032903,62782557
8192,737280,ranking,medium,random,28,8132,8192,0.99267578125,53336982,62782557
8192,737280,hopcroft_karp,medium,random,28,8192,8192,1.0,508329528,62782557
8192,737280,greedy,medium,random,29,8129,8192,0.9923095703125,5205267,36497918
8192,737280,ranking,medium,random,29,8136,8192,0.9931640625,60116159,36497918
8192,737280,hopcroft_karp,medium,random,29,8192,8192,1.0,437669448,36497918
8192,737280,greedy,medium,adversarial,0,8134,8192,0.992919921875,4075256,2133919770
8192,737280,ranking,medium,adversarial,0,8131,8192,0.9925537109375,39347385,2133919770
8192,737280,hopcroft_karp,medium,adversarial,0,8192,8192,1.0,396637390,2133919770
8192,737280,greedy,medium,adversarial,1,8131,8192,0.9925537109375,4805701,524965096
8192,737280,ranking,medium,adversarial,1,8123,8192,0.9915771484375,47098645,524965096
8192,737280,hopcroft_karp,medium,adversarial,1,8192,8192,1.0,400377458,524965096
8192,737280,greedy,medium,adversarial,2,8131,8192,0.9925537109375,4161775,2275157396
8192,737280,ranking,medium,adversarial,2,8126,8192,0.991943359375,38963417,2275157396
8192,737280,hopcroft_karp,medium,adversarial,2,8192,8192,1.0,283184850,2275157396
8192,737280,greedy,medium,adversarial,3,8124,8192,0.99169921875,3617502,449698202
8192,737280,ranking,medium,adversarial,3,8136,8192,0.9931640625,38592968,449698202
8192,737280,hopcroft_karp,medium,adversarial,3,8192,8192,1.0,404152269,449698202
8192,737280,greedy,medium,adversarial,4,8131,8192,0.9925537109375,3731942,1335021140
8192,737280,ranking,medium,adversarial,4,8132,8192,0.99267578125,39081781,1335021140
8192,737280,hopcroft_karp,medium,adversarial,4,8192,8192,1.0,387942669,1335021140
8192,737280,greedy,medium,adversarial,5,8124,8192,0.99169921875,3197666,3090558669
8192,737280,ranking,medium,adversarial,5,8125,8192,0.9918212890625,38975018,3090558669
8192,737280,hopcroft_karp,medium,adversarial,5,8192,8192,1.0,380424279,3090558669
8192,737280,greedy,medium,adversarial,6,8141,8192,0.9937744140625,3427807,4256995178
8192,737280,ranking,medium,adversarial,6,8138,8192,0.993408203125,37639994,4256995178
8192,737280,hopcroft_karp,medium,adversarial,6,8192,8192,1.0,268798945,4256995178
8192,737280,greedy,medium,adversarial,7,8129,8192,0.9923095703125,3728482,4131516324
8192,737280,ranking,medium,adversarial,7,8130,8192,0.992431640625,40728180,4131516324
8192,737280,hopcroft_karp,medium,adversarial,7,8192,8192,1.0,391791226,4131516324
8192,737280,greedy,medium,adversarial,8,8136,8192,0.9931640625,3176111,3339973727
8192,737280,ranking,medium,adversarial,8,8121,8192,0.9913330078125,38206859,3339973727
8192,737280,hopcroft_karp,medium,adversarial,8,8192,8192,1.0,373359750,3339973727
8192,737280,greedy,medium,adversarial,9,8129,8192,0.9923095703125,3649693,1052528929
8192,737280,ranking,medium,adversarial,9,8126,8192,0.991943359375,38737743,1052528929
8192,737280,hopcroft_karp,medium,adversarial,9,8192,8192,1.0,405013722,1052528929
8192,737280,greedy,medium,adversarial,10,8132,8192,0.99267578125,3566934,1109234811
8192,737280,ranking,medium,adversarial,10,8132,8192,0.99267578125,38487141,1109234811
8192,737280,hopcroft_karp,medium,adversarial,10,8192,8192,1.0,398145482,1109234811
8192,737280,greedy,medium,adversarial,11,8131,8192,0.9925537109375,3439589,2330683849
8192,737280,ranking,medium,adversarial,11,8132,8192,0.99267578125,38032345,2330683849
8192,737280,hopcroft_karp,medium,adversarial,11,8192,8192,1.0,258282289,2330683849
8192,737280,greedy,medium,adversarial,12,8132,8192,0.99267578125,4668363,3896788101
8192,737280,ranking,medium,adversarial,12,8133,8192,0.9927978515625,40028262,3896788101
8192,737280,hopcroft_karp,medium,adversarial,12,8192,8192,1.0,403560600,3896788101
8192,737280,greedy,medium,adversarial,13,8127,8192,0.9920654296875,3844211,3483145655
8192,737280,ranking,medium,adversarial,13,8125,8192,0.9918212890625,39194647,3483145655
8192,737280,hopcroft_karp,medium,adversarial,13,8192,8192,1.0,304066053,3483145655
8192,737280,greedy,medium,adversarial,14,8130,8192,0.992431640625,2936522,4223048212
8192,737280,ranking,medium,adversarial,14,8136,8192,0.9931640625,39162173,4223048212
8192,737280,hopcroft_karp,medium,adversarial,14,8192,8192,1.0,267681592,4223048212
8192,737280,greedy,medium,adversarial,15,8131,8192,0.9925537109375,3570482,2631911820
8192,737280,ranking,medium,adversarial,15,8134,8192,0.992919921875,44384091,2631911820
8192,737280,hopcroft_karp,medium,adversarial,15,8192,8192,1.0,463473795,2631911820
8192,737280,greedy,medium,adversarial,16,8128,8192,0.9921875,3412080,3933905444
8192,737280,ranking,medium,adversarial,16,8133,8192,0.9927978515625,36979895,3933905444
8192,737280,hopcroft_karp,medium,adversarial,16,8192,8192,1.0,287844414,3933905444
8192,737280,greedy,medium,adversarial,17,8129,8192,0.9923095703125,5228054,1768307552
8192,737280,ranking,medium,adversarial,17,8127,8192,0.9920654296875,42759524,1768307552
8192,737280,hopcroft_karp,medium,adversarial,17,8192,8192,1.0,283991977,1768307552
8192,737280,greedy,medium,adversarial,18,8138,8192,0.993408203125,3026424,609717975
8192,737280,ranking,medium,adversarial,18,8135,8192,0.9930419921875,38933994,609717975
8192,737280,hopcroft_karp,medium,adversarial,18,8192,8192,1.0,265491099,609717975
8192,737280,greedy,medium,adversarial,19,8131,8192,0.9925537109375,3354105,3749073420
8192,737280,ranking,medium,adversarial,19,8128,8192,0.9921875,37933024,3749073420
8192,737280,hopcroft_karp,medium,adversarial,19,8192,8192,1.0,252364971,3749073420
8192,737280,greedy,medium,adversarial,20,8115,8192,0.9906005859375,4448898,4008772404
8192,737280,ranking,medium,adversarial,20,8128,8192,0.9921875,38695589,4008772404
8192,737280,hopcroft_karp,medium,adversarial,20,8192,8192,1.0,269429121,4008772404
8192,737280,greedy,medium,adversarial,21,8131,8192,0.9925537109375,4232528,310467315
8192,737280,ranking,medium,adversarial,21,8128,8192,0.9921875,38057009,310467315
8192,737280,hopcroft_karp,medium,adversarial,21,8192,8192,1.0,264676650,310467315
8192,737280,greedy,medium,adversarial,22,8138,8192,0.993408203125,4761183,415783538
8192,737280,ranking,medium,adversarial,22,8128,8192,0.9921875,41427703,415783538
8192,737280,hopcroft_karp,medium,adversarial,22,8192,8192,1.0,258317813,415783538
8192,737280,greedy,medium,adversarial,23,8127,8192,0.9920654296875,2984129,3380093576
8192,737280,ranking,medium,adversarial,23,8133,8192,0.9927978515625,37805501,3380093576
8192,737280,hopcroft_karp,medium,adversarial,23,8192,8192,1.0,258926158,3380093576
8192,737280,greedy,medium,adversarial,24,8137,8192,0.9932861328125,3477006,3117430764
8192,737280,ranking,medium,adversarial,24,8124,8192,0.99169921875,39963846,3117430764
8192,737280,hopcroft_karp,medium,adversarial,24,8192,8192,1.0,258573999,3117430764
8192,737280,greedy,medium,adversarial,25,8127,8192,0.9920654296875,3649296,908501220
8192,737280,ranking,medium,adversarial,25,8122,8192,0.991455078125,37204084,908501220
8192,737280,hopcroft_karp,medium,adversarial,25,8192,8192,1.0,274419504,908501220
8192,737280,greedy,medium,adversarial,26,8128,8192,0.9921875,4288848,2188181939
8192,737280,ranking,medium,adversarial,26,8134,8192,0.992919921875,40543589,2188181939
8192,737280,hopcroft_karp,medium,adversarial,26,8192,8192,1.0,288129819,2188181939
8192,737280,greedy,medium,adversarial,27,8134,8192,0.992919921875,3538064,903740675
8192,737280,ranking,medium,adversarial,27,8125,8192,0.9918212890625,40732868,903740675
8192,737280,hopcroft_karp,medium,adversarial,27,8192,8192,1.0,383307776,903740675
8192,737280,greedy,medium,adversarial,28,8125,8192,0.9918212890625,3201408,2156422834
8192,737280,ranking,medium,adversarial,28,8126,8192,0.991943359375,38469385,2156422834
8192,737280,hopcroft_karp,medium,adversarial,28,8192,8192,1.0,264856761,2156422834
8192,737280,greedy,medium,adversarial,29,8127,8192,0.9920654296875,4504519,2742055952
8192,737280,ranking,medium,adversarial,29,8135,8192,0.9930419921875,40132193,2742055952
8192,737280,hopcroft_karp,medium,adversarial,29,8192,8192,1.0,256869884,2742055952
8192,33560084,greedy,dense,random,0,8191,8192,0.9998779296875,421953124,2830838580
8192,33560084,ranking,dense,random,0,8191,8192,0.9998779296875,1369563867,2830838580
8192,33560084,hopcroft_karp,dense,random,0,8192,8192,1.0,9485061296,2830838580
8192,33557074,greedy,dense,random,1,8192,8192,1.0,441519997,576143661
8192,33557074,ranking,dense,random,1,8192,8192,1.0,1332382899,576143661
8192,33557074,hopcroft_karp,dense,random,1,8192,8192,1.0,10574188331,576143661
8192,33556650,greedy,dense,random,2,8192,8192,1.0,429351285,1764920595
8192,33556650,ranking,dense,random,2,8191,8192,0.9998779296875,1243073679,1764920595
8192,33556650,hopcroft_karp,dense,random,2,8192,8192,1.0,11236087090,1764920595
8192,33556706,greedy,dense,random,3,8191,8192,0.9998779296875,429297164,281615989
8192,33556706,ranking,dense,random,3,8191,8192,0.9998779296875,1320949717,281615989
8192,33556706,hopcroft_karp,dense,random,3,8192,8192,1.0,9988431051,281615989
8192,33553724,greedy,dense,random,4,8191,8192,0.9998779296875,480473032,188763434
8192,33553724,ranking,dense,random,4,8191,8192,0.9998779296875,1441769858,188763434
8192,33553724,hopcroft_karp,dense,random,4,8192,8192,1.0,11946484165,188763434
8192,33550629,greedy,dense,random,5,8191,8192,0.9998779296875,466894962,3545650275
8192,33550629,ranking,dense,random,5,8192,8192,1.0,1314491622,3545650275
8192,33550629,hopcroft_karp,dense,random,5,8192,8192,1.0,10726088696,3545650275
8192,33555570,greedy,dense,random,6,8191,8192,0.9998779296875,452904460,3716683671
8192,33555570,ranking,dense,random,6,8192,8192,1.0,1295366430,3716683671
8192,33555570,hopcroft_karp,dense,random,6,8192,8192,1.0,10320646162,3716683671
8192,33554576,greedy,dense,random,7,8190,8192,0.999755859375,443725464,590189628
8192,33554576,ranking,dense,random,7,8192,8192,1.0,1405556854,590189628
8192,33554576,hopcroft_karp,dense,random,7,8192,8192,1.0,11230662122,590189628
8192,33558237,greedy,dense,random,8,8192,8192,1.0,460527651,3698139870
8192,33558237,ranking,dense,random,8,8190,8192,0.999755859375,1277706341,3698139870
8192,33558237,hopcroft_karp,dense,random,8,8192,8192,1.0,7468260984,3698139870
8192,33551993,greedy,dense,random,9,8190,8192,0.999755859375,510134612,1318186509
8192,33551993,ranking,dense,random,9,8192,8192,1.0,1335814896,1318186509
8192,33551993,hopcroft_karp,dense,random,9,8192,8192,1.0,6656694692,1318186509
8192,33551646,greedy,dense,random,10,8192,8192,1.0,502293588,3656666743
8192,33551646,ranking,dense,random,10,8191,8192,0.9998779296875,1255650111,3656666743
8192,33551646,hopcroft_karp,dense,random,10,8192,8192,1.0,10603997524,3656666743
8192,33550968,greedy,dense,random,11,8191,8192,0.9998779296875,429896808,1627762515
8192,33550968,ranking,dense,random,11,8191,8192,0.9998779296875,1272964655,1627762515
8192,33550968,hopcroft_karp,dense,random,11,8192,8192,1.0,10627438676,1627762515
8192,33557070,greedy,dense,random,12,8192,8192,1.0,465488826,2990193711
8192,33557070,ranking,dense,random,12,8190,8192,0.999755859375,1221912040,2990193711
8192,33557070,hopcroft_karp,dense,random,12,8192,8192,1.0,10893097673,2990193711
8192,33563234,greedy,dense,random,13,8191,8192,0.9998779296875,441807657,1715038880
8192,33563234,ranking,dense,random,13,8192,8192,1.0,1258506051,1715038880
8192,33563234,hopcroft_karp,dense,random,13,8192,8192,1.0,7208592372,1715038880
8192,33557726,greedy,dense,random,14,8191,8192,0.9998779296875,476646975,4057294467
8192,33557726,ranking,dense,random,14,8191,8192,0.9998779296875,1359029231,4057294467
8192,33557726,hopcroft_karp,dense,random,14,8192,8192,1.0,10462609553,4057294467
8192,33550838,greedy,dense,random,15,8191,8192,0.9998779296875,490302819,1147940803
8192,33550838,ranking,dense,random,15,8192,8192,1.0,1325282744,1147940803
8192,33550838,hopcroft_karp,dense,random,15,8192,8192,1.0,9786414106,1147940803
8192,33561023,greedy,dense,random,16,8191,8192,0.9998779296875,450225510,3411562559
8192,33561023,ranking,dense,random,16,8191,8192,0.9998779296875,1307359949,3411562559
8192,33561023,hopcroft_karp,dense,random,16,8192,8192,1.0,11198543393,3411562559
8192,33553554,greedy,dense,random,17,8190,8192,0.999755859375,455343838,1584279228
8192,33553554,ranking,dense,random,17,8191,8192,0.9998779296875,1323228229,1584279228
8192,33553554,hopcroft_karp,dense,random,17,8192,8192,1.0,6955510963,1584279228
8192,33557259,greedy,dense,random,18,8191,8192,0.9998779296875,504292597,2619064007
8192,33557259,ranking,dense,random,18,8192,8192,1.0,1478304858,2619064007
8192,33557259,hopcroft_karp,dense,random,18,8192,8192,1.0,9734347558,2619064007
8192,33562556,greedy,dense,random,19,8191,8192,0.9998779296875,418675565,3674734581
8192,33562556,ranking,dense,random,19,8191,8192,0.9998779296875,1219520200,3674734581
8192,33562556,hopcroft_karp,dense,random,19,8192,8192,1.0,9600114440,3674734581
8192,33553438,greedy,dense,random,20,8190,8192,0.999755859375,454742029,2794455307
8192,33553438,ranking,dense,random,20,8191,8192,0.9998779296875,1286698607,2794455307
8192,33553438,hopcroft_karp,dense,random,20,8192,8192,1.0,9798127575,2794455307
8192,33554929,greedy,dense,random,21,8192,8192,1.0,474421364,3191505052
8192,33554929,ranking,dense,random,21,8192,8192,1.0,1240768465,3191505052
8192,33554929,hopcroft_karp,dense,random,21,8192,8192,1.0,11440589985,3191505052
8192,33561314,greedy,dense,random,22,8191,8192,0.9998779296875,421888711,2326680624
8192,33561314,ranking,dense,random,22,8191,8192,0.9998779296875,1208259095,2326680624
8192,33561314,hopcroft_karp,dense,random,22,8192,8192,1.0,10637305220,2326680624
8192,33556767,greedy,dense,random,23,8190,8192,0.999755859375,429244711,99987608
8192,33556767,ranking,dense,random,23,8190,8192,0.999755859375,1266925783,99987608
8192,33556767,hopcroft_karp,dense,random,23,8192,8192,1.0,11052196003,99987608
8192,33552831,greedy,dense,random,24,8191,8192,0.9998779296875,438095629,3649928836
8192,33552831,ranking,dense,random,24,8192,8192,1.0,1243837400,3649928836
8192,33552831,hopcroft_karp,dense,random,24,8192,8192,1.0,10546592913,3649928836
8192,33551018,greedy,dense,random,25,8191,8192,0.9998779296875,443183111,630292606
8192,33551018,ranking,dense,random,25,8190,8192,0.999755859375,1238579534,630292606
8192,33551018,hopcroft_karp,dense,random,25,8192,8192,1.0,6649340125,630292606
8192,33554872,greedy,dense,random,26,8191,8192,0.9998779296875,422354128,2107953665
8192,33554872,ranking,dense,random,26,8190,8192,0.999755859375,1229208933,2107953665
8192,33554872,hopcroft_karp,dense,random,26,8192,8192,1.0,10992719746,2107953665
8192,33551824,greedy,dense,random,27,8192,8192,1.0,421564470,797122438
8192,33551824,ranking,dense,random,27,8191,8192,0.9998779296875,1236770120,797122438
8192,33551824,hopcroft_karp,dense,random,27,8192,8192,1.0,10729932352,797122438
8192,33557904,greedy,dense,random,28,8192,8192,1.0,417290886,204115719
8192,33557904,ranking,dense,random,28,8192,8192,1.0,1226299719,204115719
8192,33557904,hopcroft_karp,dense,random,28,8192,8192,1.0,10032181160,204115719
8192,33552955,greedy,dense,random,29,8192,8192,1.0,419838841,634789225
8192,33552955,ranking,dense,random,29,8191,8192,0.9998779296875,1318438728,634789225
8192,33552955,hopcroft_karp,dense,random,29,8192,8192,1.0,10508196106,634789225
8192,33561551,greedy,dense,adversarial,0,8191,8192,0.9998779296875,468547022,1263659773
8192,33561551,ranking,dense,adversarial,0,8192,8192,1.0,1379239895,1263659773
8192,33561551,hopcroft_karp,dense,adversarial,0,8192,8192,1.0,9915628749,1263659773
8192,33555272,greedy,dense,adversarial,1,8191,8192,0.9998779296875,439186768,188323328
8192,33555272,ranking,dense,adversarial,1,8191,8192,0.9998779296875,1225477002,188323328
8192,33555272,hopcroft_karp,dense,adversarial,1,8192,8192,1.0,9607823004,188323328
8192,33550814,greedy,dense,adversarial,2,8191,8192,0.9998779296875,454422048,3787477933
8192,33550814,ranking,dense,adversarial,2,8192,8192,1.0,1267325591,3787477933
8192,33550814,hopcroft_karp,dense,adversarial,2,8192,8192,1.0,10883419521,3787477933
8192,33548999,greedy,dense,adversarial,3,8191,8192,0.9998779296875,459722680,1746176896
8192,33548999,ranking,dense,adversarial,3,8191,8192,0.9998779296875,1262696432,1746176896
8192,33548999,hopcroft_karp,dense,adversarial,3,8192,8192,1.0,10344482567,1746176896
8192,33555300,greedy,dense,adversarial,4,8191,8192,0.9998779296875,581771404,1904393422
8192,33555300,ranking,dense,adversarial,4,8191,8192,0.9998779296875,1451183297,1904393422
8192,33555300,hopcroft_karp,dense,adversarial,4,8192,8192,1.0,7391813261,1904393422
8192,33553827,greedy,dense,adversarial,5,8192,8192,1.0,488123466,2413287462
8192,33553827,ranking,dense,adversarial,5,8191,8192,0.9998779296875,1522056863,2413287462
8192,33553827,hopcroft_karp,dense,adversarial,5,8192,8192,1.0,11104533862,2413287462
8192,33554051,greedy,dense,adversarial,6,8191,8192,0.9998779296875,475944322,2250326479
8192,33554051,ranking,dense,adversarial,6,8191,8192,0.9998779296875,1386051322,2250326479
8192,33554051,hopcroft_karp,dense,adversarial,6,8192,8192,1.0,7837709195,2250326479
8192,33547313,greedy,dense,adversarial,7,8190,8192,0.999755859375,549287153,474281060
8192,33547313,ranking,dense,adversarial,7,8191,8192,0.9998779296875,1457513123,474281060
8192,33547313,hopcroft_karp,dense,adversarial,7,8192,8192,1.0,11278459945,474281060
8192,33545012,greedy,dense,adversarial,8,8190,8192,0.999755859375,512369912,1465946424
8192,33545012,ranking,dense,adversarial,8,8192,8192,1.0,1355727550,1465946424
8192,33545012,hopcroft_karp,dense,adversarial,8,8192,8192,1.0,11802307488,1465946424
8192,33554474,greedy,dense,adversarial,9,8192,8192,1.0,482836368,3279072643
8192,33554474,ranking,dense,adversarial,9,8192,8192,1.0,1368964203,3279072643
8192,33554474,hopcroft_karp,dense,adversarial,9,8192,8192,1.0,11076545610,3279072643
8192,33551323,greedy,dense,adversarial,10,8191,8192,0.9998779296875,496184097,2635213603
8192,33551323,ranking,dense,adversarial,10,8191,8192,0.9998779296875,1496124684,2635213603
8192,33551323,hopcroft_karp,dense,adversarial,10,8192,8192,1.0,11833684083,2635213603
8192,33556266,greedy,dense,adversarial,11,8192,8192,1.0,455388814,1720206217
8192,33556266,ranking,dense,adversarial,11,8192,8192,1.0,1261924205,1720206217
8192,33556266,hopcroft_karp,dense,adversarial,11,8192,8192,1.0,9714648153,1720206217
8192,33555151,greedy,dense,adversarial,12,8191,8192,0.9998779296875,508189190,2399753424
8192,33555151,ranking,dense,adversarial,12,8191,8192,0.9998779296875,1409336293,2399753424
8192,33555151,hopcroft_karp,dense,adversarial,12,8192,8192,1.0,6332097726,2399753424
8192,33556496,greedy,dense,adversarial,13,8191,8192,0.9998779296875,455115598,986391078
8192,33556496,ranking,dense,adversarial,13,8191,8192,0.9998779296875,1280632253,986391078
8192,33556496,hopcroft_karp,dense,adversarial,13,8192,8192,1.0,6471341697,986391078
8192,33559363,greedy,dense,adversarial,14,8191,8192,0.9998779296875,474193796,1942328820
8192,33559363,ranking,dense,adversarial,14,8191,8192,0.9998779296875,1405543136,1942328820
8192,33559363,hopcroft_karp,dense,adversarial,14,8192,8192,1.0,11828723436,1942328820
8192,33557896,greedy,dense,adversarial,15,8191,8192,0.9998779296875,489598353,2270395820
8192,33557896,ranking,dense,adversarial,15,8192,8192,1.0,1363315641,2270395820
8192,33557896,hopcroft_karp,dense,adversarial,15,8192,8192,1.0,6963512332,2270395820
8192,33550601,greedy,dense,adversarial,16,8192,8192,1.0,490280658,2399089741
8192,33550601,ranking,dense,adversarial,16,8192,8192,1.0,1460412798,2399089741
8192,33550601,hopcroft_karp,dense,adversarial,16,8192,8192,1.0,11226965741,2399089741
8192,33558750,greedy,dense,adversarial,17,8192,8192,1.0,516211471,3809082494
8192,33558750,ranking,dense,adversarial,17,8191,8192,0.9998779296875,1343566354,3809082494
8192,33558750,hopcroft_karp,dense,adversarial,17,8192,8192,1.0,11064017767,3809082494
8192,33543374,greedy,dense,adversarial,18,8191,8192,0.9998779296875,452609256,63569441
8192,33543374,ranking,dense,adversarial,18,8191,8192,0.9998779296875,1243300434,63569441
8192,33543374,hopcroft_karp,dense,adversarial,18,8192,8192,1.0,10149898177,63569441
8192,33554627,greedy,dense,adversarial,19,8191,8192,0.9998779296875,442262156,338532061
8192,33554627,ranking,dense,adversarial,19,8190,8192,0.999755859375,1261542587,338532061
8192,33554627,hopcroft_karp,dense,adversarial,19,8192,8192,1.0,6227493707,338532061
8192,33558137,greedy,dense,adversarial,20,8190,8192,0.999755859375,472545412,420698243
8192,33558137,ranking,dense,adversarial,20,8192,8192,1.0,1327288806,420698243
8192,33558137,hopcroft_karp,dense,adversarial,20,8192,8192,1.0,9997172957,420698243
8192,33560388,greedy,dense,adversarial,21,8191,8192,0.9998779296875,511050090,3845871424
8192,33560388,ranking,dense,adversarial,21,8191,8192,0.9998779296875,1484449968,3845871424
8192,33560388,hopcroft_karp,dense,adversarial,21,8192,8192,1.0,6687392111,3845871424
8192,33553595,greedy,dense,adversarial,22,8192,8192,1.0,585768136,3881884692
8192,33553595,ranking,dense,adversarial,22,8192,8192,1.0,1371280789,3881884692
8192,33553595,hopcroft_karp,dense,adversarial,22,8192,8192,1.0,6988922650,3881884692
8192,33551198,greedy,dense,adversarial,23,8191,8192,0.9998779296875,499221529,518855485
8192,33551198,ranking,dense,adversarial,23,8191,8192,0.9998779296875,1249530739,518855485
8192,33551198,hopcroft_karp,dense,adversarial,23,8192,8192,1.0,10128537476,518855485
8192,33556470,greedy,dense,adversarial,24,8192,8192,1.0,509022453,3258665228
8192,33556470,ranking,dense,adversarial,24,8190,8192,0.999755859375,1772909531,3258665228
8192,33556470,hopcroft_karp,dense,adversarial,24,8192,8192,1.0,11476841146,3258665228
8192,33556007,greedy,dense,adversarial,25,8191,8192,0.9998779296875,518969930,3962341810
8192,33556007,ranking,dense,adversarial,25,8192,8192,1.0,1433552169,3962341810
8192,33556007,hopcroft_karp,dense,adversarial,25,8192,8192,1.0,11134875299,3962341810
8192,33550670,greedy,dense,adversarial,26,8191,8192,0.9998779296875,507381539,335704056
8192,33550670,ranking,dense,adversarial,26,8192,8192,1.0,1378103782,335704056
8192,33550670,hopcroft_karp,dense,adversarial,26,8192,8192,1.0,6859514624,335704056
8192,33556470,greedy,dense,adversarial,27,8191,8192,0.9998779296875,453562163,1280863125
8192,33556470,ranking,dense,adversarial,27,8191,8192,0.9998779296875,1263843166,1280863125
8192,33556470,hopcroft_karp,dense,adversarial,27,8192,8192,1.0,11931378201,1280863125
8192,33554725,greedy,dense,adversarial,28,8191,8192,0.9998779296875,470097160,3649814568
8192,33554725,ranking,dense,adversarial,28,8191,8192,0.9998779296875,1326246937,3649814568
8192,33554725,hopcroft_karp,dense,adversarial,28,8192,8192,1.0,6751066846,3649814568
8192,33554070,greedy,dense,adversarial,29,8191,8192,0.9998779296875,463033226,191788959
8192,33554070,ranking,dense,adversarial,29,8192,8192,1.0,1293254240,191788959
8192,33554070,hopcroft_karp,dense,adversarial,29,8192,8192,1.0,10241608131,191788959
